Product ID,Product Name,Website,Headquarters,Supported Platforms,Free Trial,Self Signup,Pricing Available,Has Freemium,Pricing Tier,Plan Name,Monthly Price,Yearly Price
1play,1Play,https://1play.tv/,Romania,Raspberry Pi,true,true,true,false,affordable,Starter Price,5.47,
acumen-cms,Acumen CMS,https://acumencms.com/,India,,true,false,true,false,affordable,Platinum,8,
acumen-cms,Acumen CMS,https://acumencms.com/,India,,true,false,true,false,affordable,Custom Advanced,11,
adfloow,AdFloow,https://adfloow.com/,Sweden,Android; BrightSign; Fire OS; Raspberry Pi; Windows; webOS,false,false,true,false,affordable,All features included,9.21,
admefy,Admefy,https://admefy.com/admefy-digital-signage,Spain,,false,true,false,true,,Free,0,0
admira,Admira,https://admira.com/en/,Spain,Android; ChromeOS; Fire OS; Linux; Raspberry Pi; Tizen; Windows; iOS; webOS,true,true,true,false,midRange,Admira Basic,17,
admooh,Admooh,https://site.admooh.com/,Brazil,Android; Fire OS; Linux; Raspberry Pi; Tizen; Windows,false,true,true,false,affordable,Light,5.1,51.95
alpha-digital,Alpha Digital,https://alphadigital.co/products/digital-signage-software,Thailand,Android; Fire OS; Linux; Windows,false,false,true,false,,,,
appsuite,AppSuite,https://www.eyefactive.com/en/touchscreen-cms-appsuite,Germany,Windows,false,false,true,true,,,,
beeceen,BEECEEN,https://www.xplace-group.com/en/products/beeceen/,Germany,Android; Fire OS; Linux; Windows; iOS,true,false,true,false,midRange,Core,16,
bharat-signage,Bharat Signage,https://bharatsignage.com/,India,Android; Fire OS,false,true,true,true,affordable,Free,0,0
bharat-signage,Bharat Signage,https://bharatsignage.com/,India,Android; Fire OS,false,true,true,true,affordable,Commercial,5.91,49.68
bizplay,Bizplay,https://www.bizplay.com/,Netherlands,Raspberry Pi; Web Browser,true,true,true,false,affordable,Smart,14.82,151.68
brandtv,Brand TV,https://brandtv.pl/system,Poland,,false,false,true,false,midRange,Cloud,17.18,
bravia-signage-free,BRAVIA Signage Free,https://pro.sony/en_EE/products/display-software/bravia-signage-free,Japan,BRAVIA,false,true,true,true,,Free,0,0
breeze,Breeze,https://keywesttechnology.com/breeze-digital-signage,USA,Web Browser,true,false,false,false,,Breeze TOTALCare,,
bricks,BRICKS,https://www.bricks.tools/,Taiwan,Android; Fire OS; Linux; Raspberry Pi; Web Browser; iOS; macOS,true,true,true,true,affordable,Free,0,0
bricks,BRICKS,https://www.bricks.tools/,Taiwan,Android; Fire OS; Linux; Raspberry Pi; Web Browser; iOS; macOS,true,true,true,true,affordable,Basic,5,
brightsign,BrightSign,https://www.brightsign.biz/,USA,BrightSign,true,true,true,false,affordable,bsn.Control,,139
budsense,BudSense,https://www.mybudsense.com/,USA,,true,false,true,false,,,,
buetema,Bütema,https://www.buetema-ag.de/en/digital-signage/,Germany,Android; Fire OS; Windows,false,false,true,false,premium,DS frontend license,24,
carousel,Carousel,https://www.carouselsignage.com/,USA,BrightSign; ChromeOS; Web Browser; iOS; macOS; tvOS; webOS,false,false,true,false,premium,Core,,300
castit,Castit,https://castitsignage.com/,Netherlands,Android; ChromeOS; Fire OS; Linux; Tizen; Web Browser; Windows; webOS,false,true,true,true,midRange,Basic,0,0
castit,Castit,https://castitsignage.com/,Netherlands,Android; ChromeOS; Fire OS; Linux; Tizen; Web Browser; Windows; webOS,false,true,true,true,midRange,Professional,21.66,
castmill,Castmill,https://castmill.com/,Sweden,Android; ChromeOS; Fire OS; Linux; Raspberry Pi; Web Browser; webOS,true,true,true,false,affordable,Starter,7.25,
cloudshow,CloudShow,https://cloud.show/,Canada,Android; ChromeOS; Fire OS; Windows; iOS,true,true,true,true,affordable,1 device,0,0
cloudshow,CloudShow,https://cloud.show/,Canada,Android; ChromeOS; Fire OS; Windows; iOS,true,true,true,true,affordable,Enterprise,8,
cms-signage,CMS Signage,https://cmssignage.com/,India,Android; Fire OS,true,true,true,false,affordable,Main,10,110
comeen,Comeen,https://comeen.com/products/digital-signage,France,Android; BrightSign; ChromeOS; Fire OS; Linux; Tizen; Windows; webOS,true,true,true,false,premium,Starter,,324
dakboard,DAKboard,https://dakboard.com/site,USA,Fire OS; Raspberry Pi; Web Browser; Windows,true,true,true,true,affordable,Free (1 screen),0,0
dakboard,DAKboard,https://dakboard.com/site,USA,Fire OS; Raspberry Pi; Web Browser; Windows,true,true,true,true,affordable,Essential (2 screens),6,60
dakboard,DAKboard,https://dakboard.com/site,USA,Fire OS; Raspberry Pi; Web Browser; Windows,true,true,true,true,affordable,Plus (3 screens),10,96
digichief-mercury,Digichief Mercury,https://mercury.digichief.com/,USA,Web Browser,true,true,true,false,affordable,,24,21.6
digisign-play,Digisign Play,https://digisignplay.com/,Indonesia,Android; Fire OS; Tizen; Web Browser; Windows; webOS,true,false,true,false,affordable,Less than 80 screens,9,
digisigns,Digisigns,https://digisigns.in/,India,Android; Fire OS,true,true,true,false,midRange,STANDARD,20,220
digitalsignage-net,digitalsignage.NET,https://www.digitalsignage.net/,United Kingdom,Android; Fire OS; Windows,false,true,true,false,midRange,Starter,,184
directable,Directable,https://directable.com/,USA,Amazon Signage; Android; Fire OS,true,true,true,false,affordable,2+ Screens,7.5,67.5
disign,disign,https://www.disign.tv/,France,Android; BrightSign; ChromeOS; Fire OS; Linux; Tizen; Web Browser; Windows; webOS,true,true,true,false,affordable,Media,10.25,109.32
displ,Displ,https://displ.com/,Cyprus,Android; BrightSign; Fire OS; Linux; Tizen; Windows; iOS; webOS,true,true,true,false,midRange,Screen Management,,206
display-now,Display NOW,https://displaynow.io,USA,Android; Fire OS; Web Browser; Windows,true,true,true,false,affordable,Basic,8,60
display-now,Display NOW,https://displaynow.io,USA,Android; Fire OS; Web Browser; Windows,true,true,true,false,affordable,Pro,11,108
display-stream,Display.Stream,https://www.display.stream/,USA,Android; ChromeOS; Fire OS; Raspberry Pi; Tizen; webOS,true,true,true,true,affordable,Free,0,0
display-stream,Display.Stream,https://www.display.stream/,USA,Android; ChromeOS; Fire OS; Raspberry Pi; Tizen; webOS,true,true,true,true,affordable,Start,9,104
displayhub,DisplayHub,https://displayhub.co.uk/,United Kingdom,Android; Fire OS,false,false,false,false,affordable,SINGLE SCREEN,6.6,
displio,Displio,https://displio.cz/en/,Czechia,Android; Fire OS; Web Browser,true,true,true,true,affordable,Basic,0,0
displio,Displio,https://displio.cz/en/,Czechia,Android; Fire OS; Web Browser,true,true,true,true,affordable,Profi,12,120
displio,Displio,https://displio.cz/en/,Czechia,Android; Fire OS; Web Browser,true,true,true,true,affordable,Premium,18,178
disploy,Disploy,https://www.disploy.com/,USA,Amazon Signage; Android; Fire OS; Tizen; Windows; webOS,true,true,true,false,affordable,Basic,10,96
ditto,Ditto,https://www.airsquirrels.com/ditto/digital-signage-features,USA,Android; ChromeOS; Fire OS; Windows; iOS; macOS; tvOS,true,true,true,false,affordable,Basic,17,99
ditto,Ditto,https://www.airsquirrels.com/ditto/digital-signage-features,USA,Android; ChromeOS; Fire OS; Windows; iOS; macOS; tvOS,true,true,true,false,affordable,Premium,25,150
ditto,Ditto,https://www.airsquirrels.com/ditto/digital-signage-features,USA,Android; ChromeOS; Fire OS; Windows; iOS; macOS; tvOS,true,true,true,false,affordable,Elite,29,175
dopublicity,doPublicity,https://www.dopublicity.com/Digital-Signage-Software.aspx,USA,Android; Fire OS; Windows; macOS,true,true,true,false,,,,
dotsignage,DotSignage,https://www.dotsignage.com/,India,Android; Fire OS,true,true,true,false,affordable,Standard,12,120
dripboards,Drip Boards,https://dripboards.com/,USA,Android; ChromeOS; Fire OS,true,true,true,false,affordable,Monthly or Yearly,9.99,99.99
dsgo,DS-GO,https://dsgo.pro/,Ukraine,Android; Fire OS,true,true,true,false,affordable,,,4.28
dst-connect,DST Connect,https://dst-connect.io/,Netherlands,,true,true,true,false,premium,,28.5,
easy-multi-display,Easy Multi Display,https://easymultidisplay.com/,France,Windows,false,false,true,false,,,,
easy-signage,Easy Signage,https://easysignage.com/,Australia,Android; BrightSign; ChromeOS; Fire OS; Linux; Tizen; Windows; webOS,true,true,true,true,affordable,Free 1 screen,0,0
easy-signage,Easy Signage,https://easysignage.com/,Australia,Android; BrightSign; ChromeOS; Fire OS; Linux; Tizen; Windows; webOS,true,true,true,true,affordable,More than 1 screen,9.98,99
easycms,easyCMS,https://www.myeasycms.com/,Poland,Android; Fire OS; Windows,false,false,true,false,,easyCMS Licence,,
easyscreen,Easyscreen,https://easyscreen.tv/en/digital-signage-software/,Netherlands,Tizen; Web Browser; webOS,true,false,true,false,premium,1 year,,413
eggs-tv,Eggs TV,https://eggstv.io/,Russia,,false,false,true,false,,,,
embed-signage,embed signage,https://embedsignage.com/,United Kingdom,Android; BrightSign; ChromeOS; Fire OS; Raspberry Pi; Tizen; Windows; iOS; macOS; webOS,true,true,true,false,midRange,embed annual,,185
enplug,Enplug,https://www.enplug.in/,USA,Windows,false,false,true,false,premium,Growth,32,
exclaim,Exclaim,https://exclaimsignage.com/,USA,Web Browser,true,true,true,false,affordable,3 Screens,5,
ez-ad-tv,EZ-AD TV,https://ezadtv.com/,USA,,false,false,true,true,midRange,Free,0,0
ez-ad-tv,EZ-AD TV,https://ezadtv.com/,USA,,false,false,true,true,midRange,Silver,15,
eztv,EZ Plus,https://eztv.plus/,USA,tvOS,true,true,true,true,affordable,Free,0,0
eztv,EZ Plus,https://eztv.plus/,USA,tvOS,true,true,true,true,affordable,Basic,2.99,
fijee,Fijee,https://fijee.ru/,Russia,Android; Fire OS,true,true,true,true,affordable,Cloud,4.7,47
firmchannel,firmCHANNEL,https://firmchannel.com/,Canada,Amazon Signage; Android; BrightSign; Fire OS; Linux; Raspberry Pi; Tizen; Windows; webOS,false,false,true,false,midRange,Standard,19.95,
flexitive,Flexitive,https://www.flexitive.com/,Canada,ChromeOS; Windows; macOS,true,false,true,false,premium,Teams,74,708
flexitive,Flexitive,https://www.flexitive.com/,Canada,ChromeOS; Windows; macOS,true,false,true,false,premium,Enterprise,,1068
framen,FRAMEN,https://www.framen.com/,Germany,Android; Fire OS,false,true,true,true,affordable,Free,0,0
framen,FRAMEN,https://www.framen.com/,Germany,Android; Fire OS,false,true,true,true,affordable,Premium,,136.8
framr,FRAMR.,https://framr.tv/,Austria,Android; Fire OS; Web Browser,true,true,true,false,affordable,FRAMR.Propeller,,94.56
frontface,FrontFace,https://www.mirabyte.com/en/frontface/,Germany,Android; Fire OS; Windows,true,false,true,false,premium,Flexible Subscription License for one Player,39.95,
fugo,Fugo,https://www.fugo.ai/,United Kingdom,Android; BrightSign; ChromeOS; Fire OS; IAdea; Linux; Raspberry Pi; Web Browser; Windows,true,true,true,false,midRange,Essential,24,240
fugo,Fugo,https://www.fugo.ai/,United Kingdom,Android; BrightSign; ChromeOS; Fire OS; IAdea; Linux; Raspberry Pi; Web Browser; Windows,true,true,true,false,midRange,Core,36,360
fugo,Fugo,https://www.fugo.ai/,United Kingdom,Android; BrightSign; ChromeOS; Fire OS; IAdea; Linux; Raspberry Pi; Web Browser; Windows,true,true,true,false,midRange,Enterprise,,400
funeralscreen,FuneralScreen,https://funeralscreen.com/,USA,Android; BrightSign; Fire OS; Tizen; Windows; webOS,true,true,true,false,premium,Basic,28,300
funeralscreen,FuneralScreen,https://funeralscreen.com/,USA,Android; BrightSign; Fire OS; Tizen; Windows; webOS,true,true,true,false,premium,Premium,33,360
funeralscreen,FuneralScreen,https://funeralscreen.com/,USA,Android; BrightSign; Fire OS; Tizen; Windows; webOS,true,true,true,false,premium,Enterprise,38,420
fusion-signage,Fusion Signage,https://fusionsignage.com.au/,Australia,Android; BrightSign; ChromeOS; Fire OS; Linux; Tizen; Windows; webOS,true,true,true,false,affordable,Basic,,124
fyresign,Fyresign,https://fyresign.com/en,Norway,Android; ChromeOS; Fire OS; Raspberry Pi; Web Browser; Windows; iOS,true,true,true,true,midRange,FREE (1 device),0,0
fyresign,Fyresign,https://fyresign.com/en,Norway,Android; ChromeOS; Fire OS; Raspberry Pi; Web Browser; Windows; iOS,true,true,true,true,midRange,STANDARD,13.9,
glootv,GlooTV,https://glooclub.com/,India,Android; Fire OS; Web Browser,true,true,true,false,affordable,Simple pricing,15,132
greenscreens,GreenScreens,https://greenscreens.tv/,USA,,false,false,true,false,premium,Dispensary Basic,75,855
greet-tv,Greet.TV,https://greet.tv/,Sweden,Android; Fire OS; Windows; iOS; macOS,true,true,true,true,affordable,Standard,11,120
greet-tv,Greet.TV,https://greet.tv/,Sweden,Android; Fire OS; Windows; iOS; macOS,true,true,true,true,affordable,Premium,17,190
halo,Halo,https://nomadixinternational.com/halo,United Kingdom,Halo Player,false,false,true,false,premium,Standard 12 month contract,,302.99
harmony-digital,Harmony Digital,https://www.harmonydigital.co.uk/,United Kingdom,Android; Fire OS,false,false,true,false,midRange,Per screen,16,160
helloscreens,HelloScreens,https://helloscreens.io/software-price/,Poland,Windows,true,false,true,false,affordable,Standard,7.99,
helloscreens,HelloScreens,https://helloscreens.io/software-price/,Poland,Windows,true,false,true,false,affordable,Pro,9.99,
helloscreens,HelloScreens,https://helloscreens.io/software-price/,Poland,Windows,true,false,true,false,affordable,Enterprise,12.99,
hexnode,hexnode,https://www.hexnode.com/mobile-device-management/hexnode-digital-signage-software/,USA,Android; ChromeOS; Fire OS; Linux; Web Browser; Windows; iOS; macOS; tvOS,true,false,true,false,affordable,Pro,2.4,26.4
hexnode,hexnode,https://www.hexnode.com/mobile-device-management/hexnode-digital-signage-software/,USA,Android; ChromeOS; Fire OS; Linux; Web Browser; Windows; iOS; macOS; tvOS,true,false,true,false,affordable,Enterprise,3.6,38.4
hexnode,hexnode,https://www.hexnode.com/mobile-device-management/hexnode-digital-signage-software/,USA,Android; ChromeOS; Fire OS; Linux; Web Browser; Windows; iOS; macOS; tvOS,true,false,true,false,affordable,Ultimate,5.2,56.4
hipdeck,HipDeck,https://hipdeck.co/,USA,Android; Fire OS; Web Browser,true,true,true,true,affordable,1st screen,0,0
hipdeck,HipDeck,https://hipdeck.co/,USA,Android; Fire OS; Web Browser,true,true,true,true,affordable,Additional Screens,5,
hypersign,Hypersign+,https://hypersign.com/hypersignplus/,USA,Android; BrightSign; Fire OS; Tizen; Windows; iOS; macOS,true,false,true,false,midRange,Essentials,,238.8
hypersign,Hypersign+,https://hypersign.com/hypersignplus/,USA,Android; BrightSign; Fire OS; Tizen; Windows; iOS; macOS,true,false,true,false,midRange,Pro,,418.8
hypersign,Hypersign+,https://hypersign.com/hypersignplus/,USA,Android; BrightSign; Fire OS; Tizen; Windows; iOS; macOS,true,false,true,false,midRange,Enterprise,,648.96
iisignage,iiSignage,https://iiyama.com/gl_en/iisignage,Japan,iiyama,true,true,true,true,,Free,0,0
impressbox,Impressbox,https://www.impressbox.lt/en/,Lithuania,Android; ChromeOS; Fire OS; Linux; Tizen; Windows; webOS,false,false,true,false,midRange,Player,21.66,
info-beamer,info-beamer,https://info-beamer.com/,Germany,Linux; Raspberry Pi,true,true,true,true,affordable,1st screen,0,0
info-beamer,info-beamer,https://info-beamer.com/,Germany,Linux; Raspberry Pi,true,true,true,true,affordable,Devices,8.84,
intraactive-replay,IntraActive Replay,https://intraactivereplay.net/,Denmark,Web Browser,true,true,true,false,midRange,Basic,14.85,
intuiface,Intuiface,https://intuiface.com,France,Android; BrightSign; ChromeOS; Fire OS; Linux; Tizen; Web Browser; Windows; iOS; macOS,true,true,true,false,midRange,Non-Interactive Player,36.18,173.66
ipoint,iPoint,https://presentationpoint.com/software/ipoint/,Belgium,Windows,true,false,true,false,midRange,Player per screen,,199
iteq,ITEQ Digital,https://iteq.rs/en/,Serbia,Android; Fire OS,false,false,true,false,affordable,Pharmacies,5,
iteq,ITEQ Digital,https://iteq.rs/en/,Serbia,Android; Fire OS,false,false,true,false,affordable,Laboratories,9,
iteq,ITEQ Digital,https://iteq.rs/en/,Serbia,Android; Fire OS,false,false,true,false,affordable,Private clinics,13,
jiosignage,JioSignage,https://www.jiosignage.com/,USA,,false,false,true,false,premium,Advanced Users,25,
joan,Joan,https://getjoan.com/workplace-digital-signage/,United Kingdom,,true,false,true,false,midRange,Essentials,,205.2
juuno,Juuno,https://juuno.co/,Australia,Android; Fire OS; Raspberry Pi; Web Browser,true,true,true,false,affordable,Pay by the screen,5,
kitcast,Kitcast,https://kitcast.tv/,USA,tvOS,true,true,true,true,midRange,Growth,25,240
kiwi-signage,Ki-Wi Signage,https://www.kiwisignage.com/,Czechia,Android; Fire OS; Linux; Tizen; Windows; webOS,true,true,true,false,affordable,PREMIUM,16.99,136.73
koke,Koke,https://koke.gmbh/kms/,Germany,Android; Fire OS; Tizen; Windows; webOS,false,false,true,false,midRange,Device License,16.63,
l-squared-hub,L Squared Hub,https://lsquared.com/,USA,Raspberry Pi,true,false,true,false,,Professional,,365
liqvid,Liqvid,https://liqvid.io/,"Spain,Russia",Android; Fire OS,true,true,true,true,affordable,Free,0,0
liqvid,Liqvid,https://liqvid.io/,"Spain,Russia",Android; Fire OS,true,true,true,true,affordable,Premium,9.9,79.2
lira-screen,Lira Screen,https://www.lirascreen.com/,USA,Android; Fire OS,true,false,true,false,affordable,Standard,12,120
livesignage,Livesignage,https://www.livesignage.com/,Italy,Android; BrightSign; ChromeOS; Fire OS; Linux; Windows; webOS,true,false,true,false,midRange,Business,22,
localscreens,LocalScreens,https://localscreens.pl/oprogramowanie-digital-signage/,Poland,Windows,false,false,true,false,affordable,Basic,8,
localscreens,LocalScreens,https://localscreens.pl/oprogramowanie-digital-signage/,Poland,Windows,false,false,true,false,affordable,Premium,11,
localscreens,LocalScreens,https://localscreens.pl/oprogramowanie-digital-signage/,Poland,Windows,false,false,true,false,affordable,Enterprise,15,
look-ds,Look Digital Signage,https://www.lookdigitalsignage.com/,"USA,Russia",Android; Fire OS; Linux; Windows; macOS; webOS,true,true,true,false,midRange,1-5 Screens,15,162
lumicast,Lumicast,https://lumicast.com/,Netherlands,Android; Fire OS; Linux; Raspberry Pi; Tizen; Web Browser; Windows; macOS; webOS,true,true,true,false,midRange,Solo,19.38,
lumoplay,LUMOplay,https://www.lumoplay.com/,Canada,,true,true,true,false,midRange,LUMO Playground,33.5,263.16
lumoplay,LUMOplay,https://www.lumoplay.com/,Canada,,true,true,true,false,midRange,LUMO Playmaker,73.86,585.12
luna-screens,Luna Screens,https://lunascreens.com/,Australia,Android; Fire OS,true,true,true,true,affordable,Free,0,0
luna-screens,Luna Screens,https://lunascreens.com/,Australia,Android; Fire OS,true,true,true,true,affordable,Paid,3.75,35
mandoe,Mandoe,https://mandoemedia.com/,Australia,Linux; Web Browser; Windows,true,true,true,true,midRange,Basic,14,
mango-display,Mango Display,https://mangodisplay.com/,Canada,Android; Fire OS; Tizen; Web Browser; Windows; iOS; webOS,true,true,true,true,affordable,FREE,0,0
mango-display,Mango Display,https://mangodisplay.com/,Canada,Android; Fire OS; Tizen; Web Browser; Windows; iOS; webOS,true,true,true,true,affordable,PLUS,2.99,29.99
mangosigns,MangoSigns,https://mangosigns.com/,USA,Android; ChromeOS; Fire OS; Windows,true,true,true,false,affordable,Basic,9.95,107.4
mangosigns,MangoSigns,https://mangosigns.com/,USA,Android; ChromeOS; Fire OS; Windows,true,true,true,false,affordable,Premium,14.95,161.4
mangosigns,MangoSigns,https://mangosigns.com/,USA,Android; ChromeOS; Fire OS; Windows,true,true,true,false,affordable,Enterprise,24.95,269.4
mediacloud,mediaCLOUD,https://digitalsignage.com/_html/mediacloud.html,USA,,false,true,true,true,affordable,Free (3 screens),0,0
mediacloud,mediaCLOUD,https://digitalsignage.com/_html/mediacloud.html,USA,,false,true,true,true,affordable,Plus,3,
mediatile,MediaTile,https://mediatile.com/,Canada,Android; BrightSign; Fire OS; Linux; Tizen; Windows; webOS,true,false,true,false,midRange,Standard,,239
medyapin,Medyapin,https://medyapin.com/,Turkey,Android; Fire OS; Tizen; Windows; webOS,true,true,true,false,midRange,Per screen,27,270
mirror,Mirror,https://www.mirrorsignage.io/,Sweden,tvOS,true,true,true,false,midRange,Basic,20,
mirror,Mirror,https://www.mirrorsignage.io/,Sweden,tvOS,true,true,true,false,midRange,Professional,29,
musthavemenus,MustHaveMenus,https://www.musthavemenus.com/,USA,MustHaveMenus Player,false,false,true,false,midRange,Display,20,240
mvix,Mvix,https://mvix.com/,USA,Android; ChromeOS; Fire OS; Linux; Windows; iOS,true,false,true,false,midRange,Flex Standard,20,
mvix,Mvix,https://mvix.com/,USA,Android; ChromeOS; Fire OS; Linux; Windows; iOS,true,false,true,false,midRange,Flex Pro,30,
mysvd,MySVD,https://svd-studio.fr/affichage-dynamique-mysvd/,France,,false,false,true,false,premium,Starting price,67,
navori,Navori,https://navori.com/,Switzerland,Android; BrightSign; ChromeOS; Fire OS; Linux; Tizen; Windows; webOS,false,false,true,false,midRange,Cloud Essential,14,
neon,Neon,https://www.neonscreens.com/digital-signage,USA,Android; Fire OS; Tizen; webOS,true,false,true,false,premium,Digital Signage,35,360
netplay,NetPlay,https://video-storm.com/products.php?cat=15,USA,,false,false,true,false,,,,
nixplay,Nixplay,https://www.nixplaysignage.com/pages/display-signage-cms-software,USA,Web Browser,false,true,true,false,midRange,"Built-in, Complete Signage Software",19.99,
novisign,NoviSign,https://www.novisign.com/,Israel,Android; ChromeOS; Fire OS; Tizen; Windows; webOS,true,true,true,false,midRange,Business,20,216
nowsignage,NowSignage,https://www.nowsignage.com/,United Kingdom,Android; BrightSign; ChromeOS; Fire OS; Linux; Tizen; Web Browser; Windows; macOS; webOS,true,true,true,false,midRange,End User Pricing,20,
obscreen,Obscreen,https://www.obscreen.io/,France,Linux; Web Browser,true,true,true,false,affordable,Basic Cloud,3.43,
onsign-tv,OnSign TV,https://onsign.tv/,China,Amazon Signage; Android; BrightSign; ChromeOS; Fire OS; Linux; Tizen; Web Browser; Windows; iOS; macOS; webOS,true,true,true,false,midRange,Professional,19.99,215.88
opensign,OpenSign,https://www.opensign.us/,USA,Screenly Player; Web Browser,true,false,true,true,,,,
opensignage,Opensignage,https://www.opensignage.com/en/free-digital-signage-software,Netherlands,Android; Fire OS; Windows,true,false,true,true,midRange,CMS Subscription,23.5,254
optisigns,OptiSigns,https://www.optisigns.com/,USA,Android; BrightSign; ChromeOS; Fire OS; Linux; Raspberry Pi; Tizen; Windows; iOS; macOS; tvOS; webOS,true,true,true,true,affordable,Free,0,0
optisigns,OptiSigns,https://www.optisigns.com/,USA,Android; BrightSign; ChromeOS; Fire OS; Linux; Raspberry Pi; Tizen; Windows; iOS; macOS; tvOS; webOS,true,true,true,true,affordable,Standard,10,108
pickcel,Pickcel,https://www.pickcel.com/,India,Android; BrightSign; ChromeOS; Fire OS; Linux; Tizen; Windows; iOS; macOS; webOS,true,true,true,false,midRange,Professional,15,162
pictor,Pictor,https://pictorplayer.pl/,Poland,Android; Fire OS; Windows,true,false,true,false,affordable,Basic,10,
pictor,Pictor,https://pictorplayer.pl/,Poland,Android; Fire OS; Windows,true,false,true,false,affordable,Advanced,13,
pictor,Pictor,https://pictorplayer.pl/,Poland,Android; Fire OS; Windows,true,false,true,false,affordable,Premium,21,
pictor,Pictor,https://pictorplayer.pl/,Poland,Android; Fire OS; Windows,true,false,true,false,affordable,Enterprise,32,
pisignage,piSignage,https://pisignage.com/,India,Android; Fire OS; Linux; Raspberry Pi; Web Browser,true,true,true,true,affordable,Basic,3.43,
playipp,PLAYipp,https://playipp.com/digital-signage/,Sweden,webOS,false,false,true,false,premium,PLAYipp digital signage platform,27,
playshield,PlayShield,https://playshield.tv/,USA,Android; ChromeOS; Fire OS; Linux; Raspberry Pi; Tizen; Windows; webOS,true,true,true,false,affordable,Cloud,5,
playsignage,Play Digital Signage (PlaySignage),https://playsignage.com/,USA,Amazon Signage; Android; BrightSign; ChromeOS; Fire OS; Linux; Raspberry Pi; Tizen; Web Browser; Windows; macOS; webOS,true,true,true,false,affordable,Subscription,18,144
posterbooking,Posterbooking,https://posterbooking.com/,USA,Amazon Signage; Android; Fire OS; Linux; Raspberry Pi; Windows; macOS,true,true,true,true,affordable,Home Basic,6.49,
publicview,PublicView,https://www.narrowcaster.eu/?lang=en,Netherlands,Android; Fire OS; Windows; webOS,false,false,true,false,premium,Lite,,347
publicview,PublicView,https://www.narrowcaster.eu/?lang=en,Netherlands,Android; Fire OS; Windows; webOS,false,false,true,false,premium,Basic,,486
publicview,PublicView,https://www.narrowcaster.eu/?lang=en,Netherlands,Android; Fire OS; Windows; webOS,false,false,true,false,premium,Advanced,,624
pyrosign,PyroSign,https://pyrosign.com/,USA,Raspberry Pi; Web Browser,false,true,true,true,affordable,1 Display Free,0,0
pyrosign,PyroSign,https://pyrosign.com/,USA,Raspberry Pi; Web Browser,false,true,true,true,affordable,Standard,7,84
pyrosign,PyroSign,https://pyrosign.com/,USA,Raspberry Pi; Web Browser,false,true,true,true,affordable,Pro,10,120
pyrosign,PyroSign,https://pyrosign.com/,USA,Raspberry Pi; Web Browser,false,true,true,true,affordable,Enterprise,14,168
q-play,Q-play,https://nordicscreen.com/digital-signage/,Denmark,Android; Fire OS; Linux; Web Browser; Windows; webOS,true,true,true,false,affordable,Lite,13.8,138
quickesign,Quickesign,https://quickesign.net/,USA,Android; Fire OS; Raspberry Pi; Roku OS,true,true,true,false,affordable,Light,6,60
quickesign,Quickesign,https://quickesign.net/,USA,Android; Fire OS; Raspberry Pi; Roku OS,true,true,true,false,affordable,Standard,10,99
quickesign,Quickesign,https://quickesign.net/,USA,Android; Fire OS; Raspberry Pi; Roku OS,true,true,true,false,affordable,Pro,15,149
quickesign,Quickesign,https://quickesign.net/,USA,Android; Fire OS; Raspberry Pi; Roku OS,true,true,true,false,affordable,Enterprise,20,199
quicksign,QuickSign,https://quicksigncloud.com/features/,USA,Android; Fire OS,false,false,true,false,midRange,QS Basic,15,
quicksign,QuickSign,https://quicksigncloud.com/features/,USA,Android; Fire OS,false,false,true,false,midRange,QS Pro,20,
reach,Reach,https://reachmedianetwork.com/,USA,,false,false,true,false,midRange,Pro Plam,19.99,
repeat-signage,Repeat Signage,https://www.repeatsoftware.com/,United Kingdom,Windows,true,true,true,false,midRange,Repeat Signage V5 Standard Edition,,172.5
retailrotor,RetailRotor,https://rerotor.ru/,Russia,Android; Fire OS,false,false,true,false,affordable,Small business,8.2,
rise-vision,Rise Vision,https://www.risevision.com/,Canada,Amazon Signage; Android; ChromeOS; Fire OS; Linux; Tizen; Web Browser; Windows; tvOS; webOS,true,true,true,false,affordable,Basic,12,132
rockbot,Rockbot,https://rockbot.com/digital-signage-for-business,USA,Android; BrightSign; Fire OS; Tizen,true,true,true,false,premium,Digital Signage,30,300
rt-screens,Умные экраны,https://rt.ru/b2b/solutions/screens,Russia,Android; Fire OS; Linux; Tizen; Windows; iOS; macOS; webOS,false,false,true,false,affordable,Без видеоаналитики,10.5,
salute-screens,Салют Экраны,https://developers.sber.ru/portal/products/salute-screens,Russia,Android; Fire OS; Linux; Tizen; Windows; iOS; macOS; webOS,true,false,true,false,affordable,Без видеоаналитики,10.5,
samsung-vxt,Samsung VXT,https://vxt.samsung.com/,South Korea,Android; Fire OS; Tizen; Windows,true,true,true,false,midRange,S Series,20,200
scalefusion,Scalefusion,https://scalefusion.com/,India,Android; ChromeOS; Fire OS; Linux; Windows; iOS; macOS,true,false,true,false,affordable,Essential,,24
scalefusion,Scalefusion,https://scalefusion.com/,India,Android; ChromeOS; Fire OS; Linux; Windows; iOS; macOS,true,false,true,false,affordable,Growth,,42
scalefusion,Scalefusion,https://scalefusion.com/,India,Android; ChromeOS; Fire OS; Linux; Windows; iOS; macOS,true,false,true,false,affordable,Business,,60
scalefusion,Scalefusion,https://scalefusion.com/,India,Android; ChromeOS; Fire OS; Linux; Windows; iOS; macOS,true,false,true,false,affordable,Enterprise,,72
screen-canvas,Screen Canvas,https://www.screencanvas.app/,USA,tvOS,false,false,true,false,,Pro,,
screen2b,screen2b,https://screen2b.ru/,Russia,Web Browser,false,false,true,true,affordable,Free (1 Screen),0,0
screen2b,screen2b,https://screen2b.ru/,Russia,Web Browser,false,false,true,true,affordable,Stationary,4.5,
screen2b,screen2b,https://screen2b.ru/,Russia,Web Browser,false,false,true,true,affordable,Transport,6.4,
screencloud,ScreenCloud,https://screencloud.com/,USA,Amazon Signage; Android; ChromeOS; Fire OS; Tizen; Web Browser; Windows; macOS; webOS,true,true,true,false,midRange,Core,24,240
screenfeed,Screenfeed,https://www.screenfeed.com/,USA,Web Browser,false,true,true,false,,,,
screenfluence,Screenfluence,https://www.screenfluence.com/,Canada,,true,true,true,false,premium,1 - 9 Players,30,324
screenly,Screenly,https://www.screenly.io/,USA,Screenly Player; Web Browser,true,true,true,false,affordable,Starter,13,132
screenmanager,ScreenManager,https://screenmanager.tech/,Czechia,Android; ChromeOS; Fire OS; Linux; Tizen; Web Browser; Windows; webOS,true,true,true,false,affordable,Business,8,72
sdbcomplex,СДБ Комплекс,http://www.sdbcomplex.ru/,Russia,Windows,false,false,true,false,,,,
sign-presenter,Sign Presenter,https://www.signpresenter.com/,USA,Android; Fire OS,true,true,true,false,affordable,Per screen,10,
signage-rocket,Signage Rocket,https://signagerocket.com/,,BrightSign; ChromeOS; Tizen; Windows; webOS,true,true,true,false,midRange,All-inclusive,25,249
signagelive,Signagelive,https://signagelive.com/,United Kingdom,Amazon Signage; BrightSign; ChromeOS; ClickShare; Tizen; Windows; webOS,true,false,true,false,midRange,Standard license,,270
signageos,signageOS,https://www.signageos.io/,Czechia,Android; BrightSign; ChromeOS; Fire OS; Linux; Windows; webOS,true,true,true,false,affordable,Basic,3,
signagetube,SignageTube,https://signagetube.com/,Belgium,Android; Fire OS; Windows; tvOS,true,true,true,false,midRange,Premium,19,168
signao,Signao,https://signao.webflow.io/,France,Android; Fire OS; Tizen; Windows; webOS,false,false,true,false,affordable,Virtuo,5,
signao,Signao,https://signao.webflow.io/,France,Android; Fire OS; Tizen; Windows; webOS,false,false,true,false,affordable,Initio,10,
signao,Signao,https://signao.webflow.io/,France,Android; Fire OS; Tizen; Windows; webOS,false,false,true,false,affordable,Pro,21,
signao,Signao,https://signao.webflow.io/,France,Android; Fire OS; Tizen; Windows; webOS,false,false,true,false,affordable,Pro+,33,
signcast,SignCast,https://signcast.ca/,Canada,Android; ChromeOS; Fire OS; Windows,true,false,true,false,midRange,Studio,,216
signmate,SignMate,https://www.signmate.co/,Thailand,Android; Fire OS; Web Browser; Windows,true,true,true,false,affordable,Standard,,109
signmate,SignMate,https://www.signmate.co/,Thailand,Android; Fire OS; Web Browser; Windows,true,true,true,false,affordable,Premium,,182
signmenu,SignMenu,https://www.signmenu.com/,USA,,true,true,true,true,premium,Basic,,0
signmenu,SignMenu,https://www.signmenu.com/,USA,,true,true,true,true,premium,Standard,,499
simplesignage,Simple Signage,https://www.simplesignage.app/,USA,tvOS,true,false,true,false,midRange,Site License,,250
sippo,Sippo,https://sippo.io/,Canada,Android; Fire OS,true,true,true,false,affordable,Starter,12,96
sippo,Sippo,https://sippo.io/,Canada,Android; Fire OS,true,true,true,false,affordable,Professional,24,192
sippo,Sippo,https://sippo.io/,Canada,Android; Fire OS,true,true,true,false,affordable,Business Plus,,384
sitekiosk,SiteKiosk,https://www.sitekiosk.com/,USA,Android; Fire OS; Web Browser; Windows,true,true,true,false,midRange,Online Cloud,,272.46
sklera,Sklera,https://sklera.tv/en,Austria,Amazon Signage; Android; ChromeOS; Fire OS; Linux; Tizen; Windows; webOS,true,false,true,false,affordable,Sklera Basic,,120
sklera,Sklera,https://sklera.tv/en,Austria,Amazon Signage; Android; ChromeOS; Fire OS; Linux; Tizen; Windows; webOS,true,false,true,false,affordable,Sklera Standard,,230
sklera,Sklera,https://sklera.tv/en,Austria,Amazon Signage; Android; ChromeOS; Fire OS; Linux; Tizen; Windows; webOS,true,false,true,false,affordable,Sklera Professional,,360
skoop,Skoop,https://www.skoopsignage.com/,USA,Amazon Signage; Android; BrightSign; ChromeOS; Fire OS; Linux; NovaStar; Windows; iOS; webOS,true,true,true,true,midRange,Lite,0,0
skoop,Skoop,https://www.skoopsignage.com/,USA,Amazon Signage; Android; BrightSign; ChromeOS; Fire OS; Linux; NovaStar; Windows; iOS; webOS,true,true,true,true,midRange,Essentials,20,216
skykit,Skykit Beam,https://www.skykit.com/,USA,Android; Fire OS; Skykit Media Player,true,true,true,false,midRange,Base,16.5,
slideshow,Slideshow,https://slideshow.digital/,Slovakia,Android; Fire OS,true,false,true,true,,App,0,0
smart-prospective,Smart Prospective,https://smartprospective.com/,France,,false,true,true,false,premium,Cloud,56.26,
smartersign,SmarterSign,https://smartersign.com/,USA,,true,true,true,false,premium,Small Business,30,
smartinfo,SmartInfo,https://ms34.ru/production/programma-dlya-upravleniya-informatsionnymi-ekranami/,Russia,,false,false,true,false,,,,
smartsign2go,SmartSign2Go,https://smartsign2go.com/,USA,Android; Fire OS; Linux; Web Browser; Windows; iOS; macOS,true,false,true,false,midRange,Essentials,23.5,
smartsign2go,SmartSign2Go,https://smartsign2go.com/,USA,Android; Fire OS; Linux; Web Browser; Windows; iOS; macOS,true,false,true,false,midRange,Advantage,32,
smartsign2go,SmartSign2Go,https://smartsign2go.com/,USA,Android; Fire OS; Linux; Web Browser; Windows; iOS; macOS,true,false,true,false,midRange,Enterprise,43,
smilcontrol,SmilControl,https://smil-control.com/software/cms/,Germany,Android; Fire OS; Linux; Windows; macOS,true,true,true,false,affordable,Sample Offer,5.7,
spectroo,Spectroo,https://spectroo.eu/?lang=en,Romania,Android; Fire OS; Linux; Raspberry Pi; Windows,true,false,true,false,midRange,Standard: 1-29 screens,20,
splashtiles,SplashTiles,https://splash-tiles.com/,USA,Android; Fire OS; Raspberry Pi,true,true,true,true,affordable,Lite,,25
squizz,Squizz,https://squizz.tv/,USA,Android; Fire OS,true,true,true,false,affordable,Individual,4.99,49.99
strandvision,StrandVision,https://www.strandvision.com/digital_signage_overview.html,USA,Linux; Windows; macOS,true,true,true,false,affordable,PowerPoint,10,120
strandvision,StrandVision,https://www.strandvision.com/digital_signage_overview.html,USA,Linux; Windows; macOS,true,true,true,false,affordable,Basic,41.6,499.99
studiopro,StudioPro,https://www.videoteldigital.com/pages/studioweb-and-studiopro-cloud-based-software-subscription-based,USA,Windows; macOS,false,false,true,false,affordable,Per screen,10,
studioweb,StudioWeb,https://www.videoteldigital.com/pages/studioweb-and-studiopro-cloud-based-software-subscription-based,USA,Web Browser,false,false,true,false,affordable,Per screen,10,
superbolt,Superbolt,https://superbolt.com.au/,Australia,,true,true,true,false,affordable,SMB,,149
surevideo,SureVideo,https://www.42gears.com/products/digital-signage/,USA,Android; Fire OS; Windows; iOS,true,false,true,false,affordable,Android Cloud,4.99,
surevideo,SureVideo,https://www.42gears.com/products/digital-signage/,USA,Android; Fire OS; Windows; iOS,true,false,true,false,affordable,iOS or Windows Single License,,29.99
tdm-signage,TDM Signage,https://tdmsignage.com/?lang=en,Netherlands,Android; Fire OS; Tizen; Windows; webOS,true,true,true,false,midRange, Essential,,190
tdm-signage,TDM Signage,https://tdmsignage.com/?lang=en,Netherlands,Android; Fire OS; Tizen; Windows; webOS,true,true,true,false,midRange,Small Business,,285
tdm-signage,TDM Signage,https://tdmsignage.com/?lang=en,Netherlands,Android; Fire OS; Tizen; Windows; webOS,true,true,true,false,midRange,Enterprise,,339
telemetrytv,TelemetryTV,https://www.telemetrytv.com/,Canada,Android; ChromeOS; Fire OS; Linux; Web Browser; Windows; iOS; macOS; webOS,true,true,true,false,affordable,Entry,9,96
teos,SONY TEOS,https://teos.solutions/,Japan,Android; Fire OS; Web Browser; Windows; iOS; macOS,true,false,true,true,premium,Advanced,95,1195
trilbytv,TrilbyTV,https://www.trilbytv.co.uk/,United Kingdom,Android; ChromeOS; Fire OS; Windows; iOS; macOS; tvOS,true,true,true,false,midRange,Per screen,,267
trilbytv,TrilbyTV,https://www.trilbytv.co.uk/,United Kingdom,Android; ChromeOS; Fire OS; Windows; iOS; macOS; tvOS,true,true,true,false,midRange,Unlimited screen,,2406
troudigital,TrouDigital,https://troudigital.com/,United Kingdom,Android; Fire OS; Windows,true,false,true,false,midRange,Essential,21.3,
trudigital,truDigital,https://www.trudigital.com/,USA,Web Browser; Windows; macOS,false,false,true,false,premium,Basic,29,
trudigital,truDigital,https://www.trudigital.com/,USA,Web Browser; Windows; macOS,false,false,true,false,premium,Pro,49,
tvque,TVQue,https://www.tvque.com/,Unknown,Android; Fire OS; Roku OS; Web Browser,true,true,true,true,affordable,Business,7,
tvque,TVQue,https://www.tvque.com/,Unknown,Android; Fire OS; Roku OS; Web Browser,true,true,true,true,affordable,Company,10,
tvque,TVQue,https://www.tvque.com/,Unknown,Android; Fire OS; Roku OS; Web Browser,true,true,true,true,affordable,Enterprise,15,
upshow,UPshow,https://www.upshow.tv/,USA,ChromeOS,true,true,true,false,premium,Starter,50,
usb-slideshow,USB Slideshow,https://deepakpk.com/usbslideshow,India,Android; Fire OS,false,true,true,true,affordable,Subscription,5,25
valotalive,Valotalive,https://valota.live/,Finland,ChromeOS; Tizen; Windows,true,true,true,false,affordable,Starter,10.31,92
vibe-fyi,Vibe.fyi,https://www.vibe.fyi/,New Zealand,Android; Fire OS; Linux; Tizen; Web Browser; Windows; webOS,true,false,false,true,,Lite,0,0
viewneo,viewneo,https://www.viewneo.com/,Germany,Android; Fire OS; Windows; iOS,true,true,true,false,midRange,viewneo Professional,21,
visionbox,Visionbox,https://visionbox.it/en/,Italy,Web Browser; Windows,true,true,true,true,affordable,Free,0,0
visionbox,Visionbox,https://visionbox.it/en/,Italy,Web Browser; Windows,true,true,true,true,affordable,Plus,,17
visionboxone,VisionboxOne,https://visionbox.it/en/visionbox-one/,Italy,Tizen; Web Browser; Windows; webOS,true,true,true,true,affordable,Free,0,0
visionboxone,VisionboxOne,https://visionbox.it/en/visionbox-one/,Italy,Tizen; Web Browser; Windows; webOS,true,true,true,true,affordable,Plus,14.07,112.53
visionboxpro,VisionboxPro,https://visionbox.it/en/visionbox-pro/,Italy,,false,false,true,false,premium,Business,46.89,
visionect,Visionect,https://www.visionect.com/software/,Slovenia,Linux; Raspberry Pi; Tizen; Windows; macOS; webOS,true,false,true,false,affordable,Essential,,60
visionect,Visionect,https://www.visionect.com/software/,Slovenia,Linux; Raspberry Pi; Tizen; Windows; macOS; webOS,true,false,true,false,affordable,Cloud,,108
vuepilot,VuePilot,https://www.vuepilot.com/,Australia,Linux; Raspberry Pi; Windows; macOS,true,true,true,false,affordable,Monthly or Annual license,10,96
wallboard,Wallboard,https://www.wallboard.us/,USA,Android; BrightSign; Fire OS; Tizen; Windows; webOS,false,false,true,false,premium,Professional,25,
wallboard,Wallboard,https://www.wallboard.us/,USA,Android; BrightSign; Fire OS; Tizen; Windows; webOS,false,false,true,false,premium,Premium,30,
wauly,Wauly,https://wauly.com/,India,Android; Fire OS; Tizen; Windows; webOS,false,false,true,false,affordable,Professional,10,110
wejha,Wejha,https://wejha.com/,Saudi Arabia,Android; Fire OS; Tizen; Windows,true,true,true,false,affordable,Business,8,
wilyer,Wilyer,https://wilyer.com/,India,Android; ChromeOS; Fire OS; Linux; Tizen; Windows; macOS; webOS,true,true,true,false,affordable,Pro,15,150
xibo,Xibo,https://xibosignage.com/,United Kingdom,Android; ChromeOS; Fire OS; Linux; Tizen; Windows; webOS,true,true,true,false,affordable,Self-Hosted,0,0
xibo,Xibo,https://xibosignage.com/,United Kingdom,Android; ChromeOS; Fire OS; Linux; Tizen; Windows; webOS,true,true,true,false,affordable,Cloud Professional,4.9,58.8
xogo,XOGO,https://www.xogo.io/,USA,Android; ChromeOS; Fire OS; Web Browser; Windows; iOS,false,true,true,true,midRange,Free,0,0
xogo,XOGO,https://www.xogo.io/,USA,Android; ChromeOS; Fire OS; Web Browser; Windows; iOS,false,true,true,true,midRange,Pro,20,180
yodeck,Yodeck,https://www.yodeck.com/,USA,Amazon Signage; Android; BrightSign; Fire OS; Linux; Raspberry Pi; Tizen; Web Browser; Windows; webOS,true,true,true,true,affordable,Single Screen Account,0,0
yodeck,Yodeck,https://www.yodeck.com/,USA,Amazon Signage; Android; BrightSign; Fire OS; Linux; Raspberry Pi; Tizen; Web Browser; Windows; webOS,true,true,true,true,affordable,Basic,8,
zeetaminds,Zeetaminds,https://zeetaminds.com/,India,Android; Fire OS; Windows; webOS,true,false,true,false,affordable,Business,10,100
zeroframe,Zeroframe,https://zeroframe.art/,USA,,true,true,true,false,affordable,Collector,9,